disbursement_date,recipient_name,recipient_state,disbursement_amount,disbursement_description,recipient_city,disbursement_purpose_category,pdf_url,,,,,
4/30/15 0:00,TRUMP INTERNATIONAL HOTEL AND TOWER,NY,"$1,380.54 ",TTW - TRAVEL: LODGING,NEW YORK,TRAVEL,http://docquery.fec.gov/cgi-bin/fecimg/?201507159000184884,,,,,
5/5/15 0:00,TRUMP TOWER COMMERCIAL LLC,NY,"$9,583.33 ",TTW - RENT,HICKSVILLE,ADMINISTRATIVE,http://docquery.fec.gov/cgi-bin/fecimg/?201507159000184885,,,,,
6/16/15 0:00,THE TRUMP CORPORATION,NY,"$37,993.04 ","TTW  - ONE-TIME REIMBURSEMENT FOR FACILITY, RESOURCES & DOMAIN NAMES",NEW YORK,OTHER,http://docquery.fec.gov/cgi-bin/fecimg/?201507159000184881,,,,,
6/16/15 0:00,TRUMP SOHO,NY,"$3,240.96 ",TTW - TRAVEL: LODGING,NEW YORK,TRAVEL,http://docquery.fec.gov/cgi-bin/fecimg/?201507159000184885,,,,,
6/16/15 0:00,TRUMP TOWER COMMERCIAL LLC,NY,"$9,583.33 ",TTW - RENT,HICKSVILLE,ADMINISTRATIVE,http://docquery.fec.gov/cgi-bin/fecimg/?201507159000184886,,,,,
6/17/15 0:00,TRUMP SOHO,NY,$814.24 ,TRAVEL: LODGING,NEW YORK,TRAVEL,http://docquery.fec.gov/cgi-bin/fecimg/?201507159000184885,,,,,
7/1/15 0:00,TRUMP CPS LLC,NY,"$6,000.00 ",IN-KIND: RENT,NEW YORK,ADMINISTRATIVE,http://docquery.fec.gov/cgi-bin/fecimg/?201512179004291446,,,,,
7/1/15 0:00,TRUMP PLAZA LLC,NY,"$9,000.00 ",IN-KIND: RENT,NEW YORK,ADMINISTRATIVE,http://docquery.fec.gov/cgi-bin/fecimg/?201512179004291446,,,,,
7/1/15 0:00,"TRUMP, DONALD J.",NY,"$15,000.00 ",IN-KIND: RENT (SEE MEMOS BELOW),NEW YORK,ADMINISTRATIVE,http://docquery.fec.gov/cgi-bin/fecimg/?201512179004291446,,,,,
7/3/15 0:00,TRUMP INTERNATIONAL HOTEL,NY,$516.39 ,TRAVEL: LODGING [MCMULLEN: SB23.7057],NEW YORK,TRAVEL,http://docquery.fec.gov/cgi-bin/fecimg/?201512179004291474,,,,,
7/6/15 0:00,THE TRUMP CORPORATION,NY,"$9,583.33 ",RENT,NEW YORK,ADMINISTRATIVE,http://docquery.fec.gov/cgi-bin/fecimg/?201512179004291444,,,,,
7/29/15 0:00,TRUMP TOWER COMMERCIAL LLC,NY,"$25,874.17 ",RENT,HICKSVILLE,ADMINISTRATIVE,http://docquery.fec.gov/cgi-bin/fecimg/?201512179004291475,,,,,
8/1/15 0:00,TRUMP CPS LLC,NY,"$6,000.00 ",IN-KIND: RENT,NEW YORK,ADMINISTRATIVE,http://docquery.fec.gov/cgi-bin/fecimg/?201512179004291454,,,,,
8/1/15 0:00,TRUMP PLAZA LLC,NY,"$9,000.00 ",IN-KIND: RENT,NEW YORK,ADMINISTRATIVE,http://docquery.fec.gov/cgi-bin/fecimg/?201512179004291455,,,,,
8/1/15 0:00,"TRUMP, DONALD J.",NY,"$15,000.00 ",IN-KIND: RENT (SEE MEMOS BELOW),NEW YORK,ADMINISTRATIVE,http://docquery.fec.gov/cgi-bin/fecimg/?201512179004291454,,,,,
8/18/15 0:00,TRUMP CAFE,NY,$9.00 ,MEETING EXPENSE: MEALS [AMEX: SB23.248388],NEW YORK,TRAVEL,http://docquery.fec.gov/cgi-bin/fecimg/?201601319005280859,,,,,
8/19/15 0:00,TRUMP CAFE,NY,$9.00 ,MEETING EXPENSE: MEALS [AMEX: SB23.248388],NEW YORK,TRAVEL,http://docquery.fec.gov/cgi-bin/fecimg/?201601319005280860,,,,,
8/20/15 0:00,TRUMP TOWER COMMERCIAL LLC,NY,"$35,457.50 ",RENT,HICKSVILLE,ADMINISTRATIVE,http://docquery.fec.gov/cgi-bin/fecimg/?201512179004291475,,,,,
8/24/15 0:00,TRUMP CAFE,NY,$25.12 ,MEETING EXPENSE: MEALS [AMEX: SB23.248388],NEW YORK,TRAVEL,http://docquery.fec.gov/cgi-bin/fecimg/?201601319005280860,,,,,
8/24/15 0:00,TRUMP CAFE,NY,$14.46 ,MEETING EXPENSE: MEALS [AMEX: SB23.248388],NEW YORK,TRAVEL,http://docquery.fec.gov/cgi-bin/fecimg/?201601319005280860,,,,,
8/26/15 0:00,TRUMP RESTAURANTS LLC,NY,"$1,483.00 ",RENT,NEW YORK,ADMINISTRATIVE,http://docquery.fec.gov/cgi-bin/fecimg/?201512179004291474,,,,,
8/28/15 0:00,TRUMP CAFE,NY,$6.80 ,MEETING EXPENSE: MEALS [AMEX: SB23.248388],NEW YORK,TRAVEL,http://docquery.fec.gov/cgi-bin/fecimg/?201601319005280861,,,,,
8/31/15 0:00,TRUMP RESTAURANTS LLC,NY,$702.24 ,MEETING EXPENSE: MEALS,NEW YORK,TRAVEL,http://docquery.fec.gov/cgi-bin/fecimg/?201512179004291475,,,,,
9/1/15 0:00,TRUMP CPS LLC,NY,"$6,000.00 ",IN-KIND: RENT,NEW YORK,ADMINISTRATIVE,http://docquery.fec.gov/cgi-bin/fecimg/?201512179004291464,,,,,
9/1/15 0:00,TRUMP PLAZA LLC,NY,"$9,000.00 ",IN-KIND: RENT,NEW YORK,ADMINISTRATIVE,http://docquery.fec.gov/cgi-bin/fecimg/?201512179004291464,,,,,
9/1/15 0:00,"TRUMP, DONALD J.",NY,"$15,000.00 ",IN-KIND: RENT (SEE MEMOS BELOW),NEW YORK,ADMINISTRATIVE,http://docquery.fec.gov/cgi-bin/fecimg/?201512179004291464,,,,,
9/2/15 0:00,TRUMP HOTEL,NV,$286.73 ,TRAVEL: LODGING [AMEX: SB23.6878],LAS VEGAS,TRAVEL,http://docquery.fec.gov/cgi-bin/fecimg/?201512179004291473,,,,,
9/3/15 0:00,TRUMP CAFE,NY,$5.82 ,MEETING EXPENSE: MEALS [AMEX: SB23.248388],NEW YORK,TRAVEL,http://docquery.fec.gov/cgi-bin/fecimg/?201601319005280861,,,,,
9/3/15 0:00,TRUMP TOWER COMMERCIAL LLC,NY,"$35,457.50 ",RENT,HICKSVILLE,ADMINISTRATIVE,http://docquery.fec.gov/cgi-bin/fecimg/?201512179004291476,,,,,
9/10/15 0:00,TRUMP CAFE,NY,$14.00 ,MEETING EXPENSE: MEALS [AMEX: SB23.248388],NEW YORK,TRAVEL,http://docquery.fec.gov/cgi-bin/fecimg/?201601319005280861,,,,,
9/11/15 0:00,TRUMP CAFE,NY,$10.41 ,MEETING EXPENSE: MEALS [AMEX: SB23.248388],NEW YORK,TRAVEL,http://docquery.fec.gov/cgi-bin/fecimg/?201601319005280862,,,,,
9/17/15 0:00,TRUMP GRILL,NY,$15.51 ,MEETING EXPENSE: MEALS [AMEX: SB23.248389],NEW YORK,TRAVEL,http://docquery.fec.gov/cgi-bin/fecimg/?201601319005280862,,,,,
9/18/15 0:00,TRUMP GRILL,NY,$6.64 ,MEETING EXPENSE: MEALS [AMEX: SB23.248389],NEW YORK,TRAVEL,http://docquery.fec.gov/cgi-bin/fecimg/?201601319005280862,,,,,
9/21/15 0:00,TRUMP INTL HOTEL,NV,$335.59 ,TRAVEL: LODGING [C&M: SB23.6896],LAS VEGAS,TRAVEL,http://docquery.fec.gov/cgi-bin/fecimg/?201512179004291474,,,,,
9/23/15 0:00,TRUMP GRILL,NY,$4.42 ,MEETING EXPENSE: MEALS [AMEX: SB23.248389],NEW YORK,TRAVEL,http://docquery.fec.gov/cgi-bin/fecimg/?201601319005280863,,,,,
9/24/15 0:00,TRUMP GRILL,NY,$9.78 ,MEETING EXPENSE: MEALS [AMEX: SB23.248389],NEW YORK,TRAVEL,http://docquery.fec.gov/cgi-bin/fecimg/?201601319005280863,,,,,
9/24/15 0:00,TRUMP GRILL,NY,$94.46 ,MEETING EXPENSE: MEALS [AMEX: SB23.248389],NEW YORK,TRAVEL,http://docquery.fec.gov/cgi-bin/fecimg/?201601319005280863,,,,,
9/25/15 0:00,THE TRUMP CORPORATION,NY,"$35,457.50 ",RENT,NEW YORK,ADMINISTRATIVE,http://docquery.fec.gov/cgi-bin/fecimg/?201512179004291444,,,,,
10/1/15 0:00,TRUMP CPS LLC,NY,"$6,000.00 ",IN-KIND: RENT,NEW YORK,ADMINISTRATIVE,http://docquery.fec.gov/cgi-bin/fecimg/?201601319005280827,,,,,
10/1/15 0:00,TRUMP GRILL,NY,$18.35 ,MEETING EXPENSE: MEALS [AMEX: SB23.248391],NEW YORK,TRAVEL,http://docquery.fec.gov/cgi-bin/fecimg/?201601319005280864,,,,,
10/1/15 0:00,TRUMP GRILL,NY,$6.88 ,MEETING EXPENSE: MEALS [AMEX: SB23.248391],NEW YORK,TRAVEL,http://docquery.fec.gov/cgi-bin/fecimg/?201601319005280864,,,,,
10/1/15 0:00,TRUMP PLAZA LLC,NY,"$9,000.00 ",IN-KIND: RENT,NEW YORK,ADMINISTRATIVE,http://docquery.fec.gov/cgi-bin/fecimg/?201601319005280828,,,,,
10/1/15 0:00,"TRUMP, DONALD J.",NY,"$15,000.00 ",IN-KIND: RENT (SEE MEMOS BELOW),NEW YORK,ADMINISTRATIVE,http://docquery.fec.gov/cgi-bin/fecimg/?201601319005280827,,,,,
10/2/15 0:00,TRUMP GRILL,NY,$10.21 ,MEETING EXPENSE: MEALS [AMEX: SB23.248391],NEW YORK,TRAVEL,http://docquery.fec.gov/cgi-bin/fecimg/?201601319005280864,,,,,
10/5/15 0:00,TRUMP GRILL,NY,$4.73 ,MEETING EXPENSE: MEALS [AMEX: SB23.248391],NEW YORK,TRAVEL,http://docquery.fec.gov/cgi-bin/fecimg/?201601319005280865,,,,,
10/6/15 0:00,TRUMP GRILL,NY,$15.22 ,MEETING EXPENSE: MEALS [AMEX: SB23.248391],NEW YORK,TRAVEL,http://docquery.fec.gov/cgi-bin/fecimg/?201601319005280865,,,,,
10/13/15 0:00,TRUMP GRILL,NY,$10.02 ,MEETING EXPENSE: MEALS [AMEX: SB23.248391],NEW YORK,TRAVEL,http://docquery.fec.gov/cgi-bin/fecimg/?201601319005280865,,,,,
10/16/15 0:00,TRUMP GRILL,NY,$10.02 ,MEETING EXPENSE: MEALS [AMEX: SB23.248391],NEW YORK,TRAVEL,http://docquery.fec.gov/cgi-bin/fecimg/?201601319005280866,,,,,
10/19/15 0:00,TRUMP SOHO NEW YORK,NY,$100.00 ,MEETING EXPENSE: MEALS [AMEX: SB23.248391],NEW YORK,TRAVEL,http://docquery.fec.gov/cgi-bin/fecimg/?201601319005280871,,,,,
10/20/15 0:00,TRUMP GRILL,NY,$174.04 ,MEETING EXPENSE: MEALS [AMEX: SB23.248391],NEW YORK,TRAVEL,http://docquery.fec.gov/cgi-bin/fecimg/?201601319005280866,,,,,
10/22/15 0:00,TRUMP GRILL,NY,$8.64 ,MEETING EXPENSE: MEALS [AMEX: SB23.248391],NEW YORK,TRAVEL,http://docquery.fec.gov/cgi-bin/fecimg/?201601319005280866,,,,,
10/22/15 0:00,TRUMP GRILL,NY,$11.39 ,MEETING EXPENSE: MEALS [AMEX: SB23.248391],NEW YORK,TRAVEL,http://docquery.fec.gov/cgi-bin/fecimg/?201601319005280867,,,,,
10/26/15 0:00,TRUMP GRILL,NY,$21.07 ,MEETING EXPENSE: MEALS [AMEX: SB23.248391],NEW YORK,TRAVEL,http://docquery.fec.gov/cgi-bin/fecimg/?201601319005280867,,,,,
10/27/15 0:00,TRUMP GRILL,NY,$8.71 ,MEETING EXPENSE: MEALS [AMEX: SB23.248391],NEW YORK,TRAVEL,http://docquery.fec.gov/cgi-bin/fecimg/?201601319005280867,,,,,
10/27/15 0:00,TRUMP GRILL,NY,$20.40 ,MEETING EXPENSE: MEALS [AMEX: SB23.248391],NEW YORK,TRAVEL,http://docquery.fec.gov/cgi-bin/fecimg/?201601319005280868,,,,,
11/1/15 0:00,TRUMP CPS LLC,NY,"$6,000.00 ",IN-KIND: RENT,NEW YORK,ADMINISTRATIVE,http://docquery.fec.gov/cgi-bin/fecimg/?201601319005280838,,,,,
11/1/15 0:00,TRUMP PLAZA LLC,NY,"$9,000.00 ",IN-KIND: RENT,NEW YORK,ADMINISTRATIVE,http://docquery.fec.gov/cgi-bin/fecimg/?201601319005280839,,,,,
11/1/15 0:00,"TRUMP, DONALD J.",NY,"$15,000.00 ",IN-KIND: RENT (SEE MEMOS BELOW),NEW YORK,ADMINISTRATIVE,http://docquery.fec.gov/cgi-bin/fecimg/?201601319005280838,,,,,
11/2/15 0:00,TRUMP GRILL,NY,$15.00 ,MEETING EXPENSE: MEALS [AMEX: SB23.248392],NEW YORK,TRAVEL,http://docquery.fec.gov/cgi-bin/fecimg/?201601319005280868,,,,,
11/3/15 0:00,TRUMP GRILL,NY,$10.64 ,MEETING EXPENSE: MEALS [AMEX: SB23.248392],NEW YORK,TRAVEL,http://docquery.fec.gov/cgi-bin/fecimg/?201601319005280868,,,,,
11/5/15 0:00,TRUMP GRILL,NY,$13.83 ,MEETING EXPENSE: MEALS [AMEX: SB23.248392],NEW YORK,TRAVEL,http://docquery.fec.gov/cgi-bin/fecimg/?201601319005280869,,,,,
11/9/15 0:00,TRUMP GRILL,NY,$18.72 ,MEETING EXPENSE: MEALS [AMEX: SB23.248392],NEW YORK,TRAVEL,http://docquery.fec.gov/cgi-bin/fecimg/?201601319005280869,,,,,
11/9/15 0:00,TRUMP TOWER COMMERCIAL LLC,NY,"$35,457.50 ",RENT,HICKSVILLE,ADMINISTRATIVE,http://docquery.fec.gov/cgi-bin/fecimg/?201601319005280871,,,,,
11/11/15 0:00,TRUMP GRILL,NY,$6.80 ,MEETING EXPENSE: MEALS [AMEX: SB23.248392],NEW YORK,TRAVEL,http://docquery.fec.gov/cgi-bin/fecimg/?201601319005280869,,,,,
11/11/15 0:00,TRUMP GRILL,NY,$44.49 ,MEETING EXPENSE: MEALS [AMEX: SB23.248392],NEW YORK,TRAVEL,http://docquery.fec.gov/cgi-bin/fecimg/?201601319005280870,,,,,
11/16/15 0:00,TRUMP GRILL,NY,$15.96 ,MEETING EXPENSE: MEALS [AMEX: SB23.248392],NEW YORK,TRAVEL,http://docquery.fec.gov/cgi-bin/fecimg/?201601319005280870,,,,,
11/23/15 0:00,TRUMP GRILL,NY,$31.66 ,MEETING EXPENSE: MEALS [AMEX: SB23.248392],NEW YORK,TRAVEL,http://docquery.fec.gov/cgi-bin/fecimg/?201601319005280870,,,,,
12/1/15 0:00,TRUMP CPS LLC,NY,"$6,000.00 ",IN-KIND: RENT,NEW YORK,ADMINISTRATIVE,http://docquery.fec.gov/cgi-bin/fecimg/?201601319005280850,,,,,
12/1/15 0:00,TRUMP PLAZA LLC,NY,"$9,000.00 ",IN-KIND: RENT,NEW YORK,ADMINISTRATIVE,http://docquery.fec.gov/cgi-bin/fecimg/?201601319005280851,,,,,
12/1/15 0:00,TRUMP TOWER COMMERCIAL LLC,NY,"$35,457.50 ",RENT AND UTILITIES,HICKSVILLE,ADMINISTRATIVE,http://docquery.fec.gov/cgi-bin/fecimg/?201601319005280872,,,,,
12/1/15 0:00,"TRUMP, DONALD J.",NY,"$15,000.00 ",IN-KIND: RENT (SEE MEMOS BELOW),NEW YORK,ADMINISTRATIVE,http://docquery.fec.gov/cgi-bin/fecimg/?201601319005280850,,,,,
12/3/15 0:00,TRUMP RESTAURANTS LLC,NY,"$3,000.00 ",RENT AND UTILITIES,NEW YORK,ADMINISTRATIVE,http://docquery.fec.gov/cgi-bin/fecimg/?201601319005280871,,,,,
1/1/16 0:00,TRUMP CPS LLC,NY,"$6,000.00 ",IN-KIND: RENT,NEW YORK,ADMINISTRATIVE,http://docquery.fec.gov/cgi-bin/fecimg/?201602209008576167,,,,,
1/1/16 0:00,TRUMP PLAZA LLC,NY,"$9,000.00 ",IN-KIND: RENT,NEW YORK,ADMINISTRATIVE,http://docquery.fec.gov/cgi-bin/fecimg/?201602209008576167,,,,,
1/1/16 0:00,"TRUMP, DONALD J.",NY,"$15,000.00 ",IN-KIND: RENT (SEE MEMOS BELOW),NEW YORK,ADMINISTRATIVE,http://docquery.fec.gov/cgi-bin/fecimg/?201602209008576166,,,,,
1/4/16 0:00,TRUMP RESTAURANTS LLC,NY,"$3,000.00 ",RENT AND UTILITIES,NEW YORK,ADMINISTRATIVE,http://docquery.fec.gov/cgi-bin/fecimg/?201602209008576175,,,,,
1/4/16 0:00,TRUMP TOWER COMMERCIAL LLC,NY,"$35,457.50 ",RENT AND UTILITIES,HICKSVILLE,ADMINISTRATIVE,http://docquery.fec.gov/cgi-bin/fecimg/?201602209008576176,,,,,
1/5/16 0:00,TRUMP SOHO,NY,$810.24 ,TRAVEL: LODGING,NEW YORK,TRAVEL,http://docquery.fec.gov/cgi-bin/fecimg/?201602209008576176,,,,,
1/12/16 0:00,TRUMP OLD POST OFFICE LLC,DC,"$5,000.00 ",FACILITY RENTAL,WASHINGTON,ADMINISTRATIVE,http://docquery.fec.gov/cgi-bin/fecimg/?201602209008576175,,,,,
1/12/16 0:00,TRUMP RESTAURANTS LLC,NY,$240.00 ,RENT AND UTILITIES,NEW YORK,ADMINISTRATIVE,http://docquery.fec.gov/cgi-bin/fecimg/?201602209008576176,,,,,
1/26/16 0:00,TRUMP NATIONAL DORAL,FL,"$25,927.19 ",FACILITY RENTAL,MIAMI,ADMINISTRATIVE,http://docquery.fec.gov/cgi-bin/fecimg/?201602209008576175,,,,,
1/30/16 0:00,TRUMP TOWER COMMERCIAL LLC,NY,"$35,457.50 ",RENT AND UTILITIES,HICKSVILLE,ADMINISTRATIVE,http://docquery.fec.gov/cgi-bin/fecimg/?201602209008576177,,,,,
2/1/16 0:00,TRUMP CPS LLC,NY,"$6,000.00 ",IN-KIND: RENT,NEW YORK,ADMINISTRATIVE,http://docquery.fec.gov/cgi-bin/fecimg/?201603209011931987,,,,,
2/1/16 0:00,TRUMP PLAZA LLC,NY,"$9,000.00 ",IN-KIND: RENT,NEW YORK,ADMINISTRATIVE,http://docquery.fec.gov/cgi-bin/fecimg/?201603209011931988,,,,,
2/1/16 0:00,"TRUMP, DONALD J.",NY,"$15,000.00 ",IN-KIND: RENT (SEE MEMOS BELOW),NEW YORK,ADMINISTRATIVE,http://docquery.fec.gov/cgi-bin/fecimg/?201603209011931987,,,,,
3/1/16 0:00,TRUMP CPS LLC,NY,"$6,000.00 ",IN-KIND: RENT,NEW YORK,ADMINISTRATIVE,http://docquery.fec.gov/cgi-bin/fecimg/?201604209014965373,,,,,
3/1/16 0:00,TRUMP PLAZA LLC,NY,"$9,000.00 ",IN-KIND: RENT,NEW YORK,ADMINISTRATIVE,http://docquery.fec.gov/cgi-bin/fecimg/?201604209014965374,,,,,
3/1/16 0:00,"TRUMP, DONALD J.",NY,"$15,000.00 ",IN-KIND: RENT (SEE MEMOS BELOW),NEW YORK,ADMINISTRATIVE,http://docquery.fec.gov/cgi-bin/fecimg/?201604209014965373,,,,,
3/7/16 0:00,TRUMP INTERNATIONAL HOTEL AND TOWER CHICAGO,IL,"$2,452.45 ",TRAVEL: LODGING,CHICAGO,TRAVEL,http://docquery.fec.gov/cgi-bin/fecimg/?201604209014965383,,,,,
3/10/16 0:00,TRUMP TOWER COMMERCIAL LLC,NY,"$35,457.50 ",RENT AND UTILITIES,HICKSVILLE,ADMINISTRATIVE,http://docquery.fec.gov/cgi-bin/fecimg/?201604209014965384,,,,,
3/18/16 0:00,TRUMP ICE LLC,NY,$399.73 ,MEETING EXPENSE: BEVERAGES,NEW YORK,MATERIALS,http://docquery.fec.gov/cgi-bin/fecimg/?201604209014965382,,,,,
3/22/16 0:00,TRUMP INTERNATIONAL HOTEL,NY,"$1,844.20 ",FACILITY RENTAL/CATERING [Gabriel? CONSTANTIN: SB23455490],NEW YORK,ADMINISTRATIVE,http://docquery.fec.gov/cgi-bin/fecimg/?201604209014965383,,,,,
3/29/16 0:00,"ERIC TRUMP WINE MANUFACTURING, LLC",VA,"$1,053.00 ",FACILITY RENTAL/CATERING,CHARLOTTESVILLE,ADMINISTRATIVE,http://docquery.fec.gov/cgi-bin/fecimg/?201604209014965087,,,,,
3/29/16 0:00,TRUMP RESTAURANTS LLC,NY,"$1,000.00 ",RENT AND UTILITIES,NEW YORK,ADMINISTRATIVE,http://docquery.fec.gov/cgi-bin/fecimg/?201604209014965383,,,,,
3/29/16 0:00,TRUMP TOWER COMMERCIAL LLC,NY,"$35,457.50 ",RENT AND UTILITIES,HICKSVILLE,ADMINISTRATIVE,http://docquery.fec.gov/cgi-bin/fecimg/?201604209014965384,,,,,
4/1/16 0:00,TRUMP CPS LLC,NY,"$6,000.00 ",RENT,NEW YORK,ADMINISTRATIVE,http://docquery.fec.gov/cgi-bin/fecimg/?201605209016007798,,,,,
4/1/16 0:00,TRUMP PLAZA LLC,NY,"$9,000.00 ",RENT,NEW YORK,ADMINISTRATIVE,http://docquery.fec.gov/cgi-bin/fecimg/?201605209016007798,,,,,
4/1/16 0:00,"TRUMP, DONALD J.",NY,"$15,000.00 ",IN-KIND: RENT (SEE MEMOS BELOW),NEW YORK,ADMINISTRATIVE,http://docquery.fec.gov/cgi-bin/fecimg/?201605209016007797,,,,,
4/25/16 0:00,TRUMP INTERNATIONAL HOTEL AND TOWER CHICAGO,IL,"$8,366.14 ",TRAVEL: LODGING,CHICAGO,TRAVEL,http://docquery.fec.gov/cgi-bin/fecimg/?201605209016007807,,,,,
4/30/16 0:00,TRUMP RESTAURANTS LLC,NY,"$1,000.00 ",RENT AND UTILITIES,NEW YORK,ADMINISTRATIVE,http://docquery.fec.gov/cgi-bin/fecimg/?201605209016007807,,,,,
4/30/16 0:00,TRUMP TOWER COMMERCIAL LLC,NY,"$35,457.50 ",RENT AND UTILITIES,HICKSVILLE,ADMINISTRATIVE,http://docquery.fec.gov/cgi-bin/fecimg/?201605209016007808,,,,,
5/1/16 0:00,TRUMP CPS LLC,NY,"$6,000.00 ",RENT,NEW YORK,ADMINISTRATIVE,http://docquery.fec.gov/cgi-bin/fecimg/?201606209018597120,,,,,
5/1/16 0:00,TRUMP PLAZA LLC,NY,"$9,000.00 ",RENT,NEW YORK,ADMINISTRATIVE,http://docquery.fec.gov/cgi-bin/fecimg/?201606209018597120,,,,,
5/1/16 0:00,"TRUMP, DONALD J.",NY,"$15,000.00 ",IN-KIND: RENT (SEE MEMOS BELOW),NEW YORK,ADMINISTRATIVE,http://docquery.fec.gov/cgi-bin/fecimg/?201606209018597119,,,,,
5/4/16 0:00,"ERIC TRUMP WINE MANUFACTURING, LLC",VA,"$1,287.92 ",FACILITY RENTAL/CATERING,CHARLOTTESVILLE,ADMINISTRATIVE,http://docquery.fec.gov/cgi-bin/fecimg/?201606209018596820,,,,,
5/4/16 0:00,"TRUMP VIRGINIA ACQUISITIONS, LLC",VA,$983.68 ,TRAVEL: LODGING,CHARLOTTESVILLE,TRAVEL,http://docquery.fec.gov/cgi-bin/fecimg/?201606209018597132,,,,,
5/4/16 0:00,"TRUMP, ERIC",NY,"$7,890.44 ",TRAVEL EXPENSE REIMBURSEMENT: ITEMIZATION BELOW IF REQUIRED,NEW YORK,MATERIALS,http://docquery.fec.gov/cgi-bin/fecimg/?201606209018597130,,,,,
5/16/16 0:00,"ERIC TRUMP WINE MANUFACTURING, LLC",VA,"$2,650.66 ",FACILITY RENTAL/CATERING,CHARLOTTESVILLE,ADMINISTRATIVE,http://docquery.fec.gov/cgi-bin/fecimg/?201606209018596820,,,,,
5/18/16 0:00,"THE MAR-A-LAGO CLUB, LLC",FL,"$423,371.70 ",FACILITY RENTAL/CATERING,,,,,,,,
5/18/16 0:00,"TRUMP INTERNATIONAL GOLF CLUB, L.C.",FL,"$29,715.42 ",FACILITY RENTAL/CATERING,WEST PALM BEACH,ADMINISTRATIVE,http://docquery.fec.gov/cgi-bin/fecimg/?201606209018597131,,,,,
5/18/16 0:00,TRUMP NATIONAL GOLF CLUB,FL,"$35,845.00 ",FACILITY RENTAL/CATERING,JUPITER,ADMINISTRATIVE,http://docquery.fec.gov/cgi-bin/fecimg/?201606209018597131,,,,,
5/18/16 0:00,TRUMP RESTAURANTS LLC,NY,"$125,080.31 ",RENT AND UTILITIES,NEW YORK,ADMINISTRATIVE,http://docquery.fec.gov/cgi-bin/fecimg/?201606209018597132,,,,,
5/25/16 0:00,"TRUMP, DONALD JR",NY,"$3,085.50 ",TRAVEL EXPENSE REIMBURSEMENT: ITEMIZATION BELOW IF REQUIRED,NEW YORK,MATERIALS,http://docquery.fec.gov/cgi-bin/fecimg/?201606209018597127,,,,,
5/27/16 0:00,"TRUMP, ERIC",NY,"$2,937.50 ",TRAVEL EXPENSE REIMBURSEMENT: ITEMIZATION BELOW IF REQUIRED,NEW YORK,MATERIALS,http://docquery.fec.gov/cgi-bin/fecimg/?201606209018597131,,,,,
5/31/16 0:00,TRUMP TOWER COMMERCIAL LLC,NY,"$72,800.00 ",RENT AND UTILITIES,HICKSVILLE,ADMINISTRATIVE,http://docquery.fec.gov/cgi-bin/fecimg/?201606209018597132,,,,,
6/1/16 0:00,TRUMP CPS LLC,NY,"$6,000.00 ",RENT,NEW YORK,ADMINISTRATIVE,http://docquery.fec.gov/cgi-bin/fecimg/?201609129030799060,,,,,
6/1/16 0:00,TRUMP PLAZA LLC,NY,"$9,000.00 ",RENT,NEW YORK,ADMINISTRATIVE,http://docquery.fec.gov/cgi-bin/fecimg/?201609129030799060,,,,,
6/1/16 0:00,"TRUMP, DONALD J.",NY,"$15,000.00 ",IN-KIND: RENT (SEE MEMOS BELOW),NEW YORK,ADMINISTRATIVE,http://docquery.fec.gov/cgi-bin/fecimg/?201609129030799060,,,,,
6/8/16 0:00,TRUMP ICE LLC,NY,$428.53 ,OFFICE SUPPLIES,NEW YORK,ADMINISTRATIVE,http://docquery.fec.gov/cgi-bin/fecimg/?201609129030799071,,,,,
6/9/16 0:00,TRUMP RESTAURANTS LLC,NY,"$1,000.00 ",RENT AND UTILITIES,NEW YORK,ADMINISTRATIVE,http://docquery.fec.gov/cgi-bin/fecimg/?201609129030799071,,,,,
6/9/16 0:00,TRUMP TOWER COMMERCIAL LLC,NY,"$110,684.17 ",RENT AND UTILITIES,HICKSVILLE,ADMINISTRATIVE,http://docquery.fec.gov/cgi-bin/fecimg/?201609129030799072,,,,,
6/27/16 0:00,TRUMP HOTEL SOHO,NY,$671.11 ,TRAVEL: LODGING [AMEX: SB23.1615120],NEW YORK,TRAVEL,http://docquery.fec.gov/cgi-bin/fecimg/?201705129053623946,,,,,
6/27/16 0:00,TRUMP RESTAURANTS LLC,NY,$398.53 ,MEETING EXPENSE: MEALS [AMEX: SB23.2140641],NEW YORK,TRAVEL,http://docquery.fec.gov/cgi-bin/fecimg/?201705159053823303,,,,,
6/30/16 0:00,TRUMP NATIONAL GOLF CLUB,NJ,"$21,330.00 ",FACILITY RENTAL/CATERING,BEDMINSTER,ADMINISTRATIVE,http://docquery.fec.gov/cgi-bin/fecimg/?201609129030799071,,,,,
7/1/16 0:00,TRUMP PLAZA LLC,NY,"$9,000.00 ",RENT,NEW YORK,ADMINISTRATIVE,http://docquery.fec.gov/cgi-bin/fecimg/?201705129053623935,,,,,
7/1/16 0:00,"TRUMP, DONALD J.",NY,"$9,000.00 ",IN-KIND: RENT (SEE MEMO BELOW),NEW YORK,ADMINISTRATIVE,http://docquery.fec.gov/cgi-bin/fecimg/?201705129053623935,,,,,
7/9/16 0:00,TRUMP NATIONAL DORAL,FL,"$1,168.54 ",TRAVEL: LODGING [AMEX: SB23.2140641],MIAMI,TRAVEL,http://docquery.fec.gov/cgi-bin/fecimg/?201705159053823302,,,,,
7/9/16 0:00,TRUMP NATIONAL DORAL,FL,"$3,549.71 ",TRAVEL: LODGING [AMEX: SB23.2140641],MIAMI,TRAVEL,http://docquery.fec.gov/cgi-bin/fecimg/?201705159053823301,,,,,
7/10/16 0:00,TRUMP RESTAURANTS LLC,NY,$538.73 ,MEETING EXPENSE: MEALS [AMEX: SB23.2140641],NEW YORK,TRAVEL,http://docquery.fec.gov/cgi-bin/fecimg/?201705159053823303,,,,,
7/10/16 0:00,TRUMP RESTAURANTS LLC,NY,"$1,000.00 ",RENT,NEW YORK,ADMINISTRATIVE,http://docquery.fec.gov/cgi-bin/fecimg/?201705129053623947,,,,,
7/10/16 0:00,TRUMP TOWER COMMERCIAL LLC,NY,"$169,758.33 ",RENT,HICKSVILLE,ADMINISTRATIVE,http://docquery.fec.gov/cgi-bin/fecimg/?201705129053623948,,,,,
7/13/16 0:00,TRUMP INTERNATIONAL HOTEL AND TOWER,NY,"$1,936.98 ",FACILITY RENTAL,NEW YORK,ADMINISTRATIVE,http://docquery.fec.gov/cgi-bin/fecimg/?201705129053623946,,,,,
7/13/16 0:00,TRUMP NATIONAL DORAL,FL,$216.00 ,TRAVEL: LODGING [AMEX: SB23.2140641],MIAMI,TRAVEL,http://docquery.fec.gov/cgi-bin/fecimg/?201705159053823302,,,,,
7/19/16 0:00,TRUMP RESTAURANTS LLC,NY,$306.67 ,MEETING EXPENSE: MEALS [AMEX: SB23.2140641],NEW YORK,TRAVEL,http://docquery.fec.gov/cgi-bin/fecimg/?201705159053823303,,,,,
7/29/16 0:00,TRUMP ICE LLC,NY,$428.53 ,OFFICE SUPPLIES,NEW YORK,ADMINISTRATIVE,http://docquery.fec.gov/cgi-bin/fecimg/?201705129053623946,,,,,
7/29/16 0:00,TRUMP NATIONAL DORAL,FL,"$3,596.01 ",EVENT STAGING EXPENSE,MIAMI,MATERIALS,http://docquery.fec.gov/cgi-bin/fecimg/?201705129053623947,,,,,
7/29/16 0:00,"THE MAR-A-LAGO CLUB, LLC",FL,"$8,656.00 ",TRAVEL: LODGING,,,,,,,,
7/29/16 0:00,TRUMP NATIONAL GOLF CLUB - WESTCHESTER,NY,"$48,239.77 ",FACILITY RENTAL AND CATERING,BRIARCLIFF MANOR,ADMINISTRATIVE,http://docquery.fec.gov/cgi-bin/fecimg/?201705129053623947,,,,,
7/29/16 0:00,TRUMP RESTAURANTS LLC,NY,$3.27 ,OFFICE SUPPLIES,NEW YORK,ADMINISTRATIVE,http://docquery.fec.gov/cgi-bin/fecimg/?201705129053623948,,,,,
8/1/16 0:00,TRUMP PLAZA LLC,NY,"$9,000.00 ",RENT,NEW YORK,ADMINISTRATIVE,http://docquery.fec.gov/cgi-bin/fecimg/?201705159053823292,,,,,
8/1/16 0:00,"TRUMP, DONALD J.",NY,"$9,000.00 ",IN-KIND: RENT (SEE MEMO BELOW),NEW YORK,ADMINISTRATIVE,http://docquery.fec.gov/cgi-bin/fecimg/?201705159053823291,,,,,
8/10/16 0:00,TRUMP TOWER COMMERCIAL LLC,NY,"$169,758.33 ",RENT,HICKSVILLE,ADMINISTRATIVE,http://docquery.fec.gov/cgi-bin/fecimg/?201705159053823304,,,,,
8/15/16 0:00,TRUMP INTERNATIONAL HOTEL LAS VEGAS,NV,$927.37 ,TRAVEL: LODGING [AMEX: SB23.4583],LAS VEGAS,TRAVEL,http://docquery.fec.gov/cgi-bin/fecimg/?201707159066732963,,,,,
8/15/16 0:00,TRUMP INTERNATIONAL HOTEL LAS VEGAS,NV,$927.37 ,TRAVEL: LODGING [AMEX: SB23.4583],LAS VEGAS,TRAVEL,http://docquery.fec.gov/cgi-bin/fecimg/?201707159066732963,,,,,
8/15/16 0:00,TRUMP INTERNATIONAL HOTEL LAS VEGAS,NV,$927.37 ,TRAVEL: LODGING [AMEX: SB23.4583],LAS VEGAS,TRAVEL,http://docquery.fec.gov/cgi-bin/fecimg/?201707159066732963,,,,,
8/18/16 0:00,TRUMP INTERNATIONAL HOTEL LAS VEGAS,NV,$601.44 ,TRAVEL: LODGING [AMEX: SB23.4583],LAS VEGAS,TRAVEL,http://docquery.fec.gov/cgi-bin/fecimg/?201707159066732964,,,,,
8/19/16 0:00,TRUMP INTERNATIONAL HOTEL LAS VEGAS,NV,$899.36 ,TRAVEL: LODGING [AMEX: SB23.4583],LAS VEGAS,TRAVEL,http://docquery.fec.gov/cgi-bin/fecimg/?201707159066732964,,,,,
8/20/16 0:00,TRUMP INTERNATIONAL HOTEL LAS VEGAS,NV,"$3,127.32 ",TRAVEL: LODGING [AMEX: SB23.4583],LAS VEGAS,TRAVEL,http://docquery.fec.gov/cgi-bin/fecimg/?201707159066732964,,,,,
8/22/16 0:00,TRUMP INTERNATIONAL HOTEL CHICAGO,IL,$384.12 ,TRAVEL: LODGING [AMEX: SB23.4583],CHICAGO,TRAVEL,http://docquery.fec.gov/cgi-bin/fecimg/?201707159066732962,,,,,
8/22/16 0:00,TRUMP INTERNATIONAL HOTEL CHICAGO,IL,"$1,152.36 ",TRAVEL: LODGING [AMEX: SB23.4583],CHICAGO,TRAVEL,http://docquery.fec.gov/cgi-bin/fecimg/?201707159066732962,,,,,
8/25/16 0:00,TRUMP INTERNATIONAL HOTEL AND TOWER CHICAGO,IL,"$7,635.69 ",TRAVEL: LODGING,CHICAGO,TRAVEL,http://docquery.fec.gov/cgi-bin/fecimg/?201705159053823301,,,,,
8/25/16 0:00,TRUMP RESTAURANTS LLC,NY,"$1,162.16 ",MEETING EXPENSE: MEALS,NEW YORK,TRAVEL,http://docquery.fec.gov/cgi-bin/fecimg/?201705159053823304,,,,,
8/25/16 0:00,DORAL GOLF RESORT,FL,"$15,127.28 ",FACILITY RENTAL - AMEX [SB23.4102],,,,,,,,
8/26/16 0:00,DORAL GOLF RESORT,FL,"$3,986.75 ",FACILTY RENTAL [AMEX: SB23.4583,,,,,,,,
8/29/16 0:00,TRUMP HOTEL,NY,$430.51 ,TRAVEL: LODGING [AMEX: SB23.2587063],NEW YORK,TRAVEL,http://docquery.fec.gov/cgi-bin/fecimg/?201705129053727512,,,,,
8/29/16 0:00,TRUMP NATIONAL GOLD CLUB - BEDMINSTER,NJ,"$4,275.00 ",FACILITY RENTAL/CATERING,BEDMINSTER,ADMINISTRATIVE,http://docquery.fec.gov/cgi-bin/fecimg/?201705159053823302,,,,,
8/31/16 0:00,TRUMP RESTAURANTS LLC,NY,"$2,066.44 ",MEETING EXPENSE: MEALS,NEW YORK,TRAVEL,http://docquery.fec.gov/cgi-bin/fecimg/?201705159053823304,,,,,
8/31/16 0:00,DORAL GOLF RESORT,FL,"$2,882.76 ",TRAVEL: LODGING [AMEX: SB23.2587063],,,,,,,,
9/1/16 0:00,TRUMP PLAZA LLC,NY,"$9,000.00 ",RENT,NEW YORK,ADMINISTRATIVE,http://docquery.fec.gov/cgi-bin/fecimg/?201707159066732950,,,,,
9/1/16 0:00,"TRUMP, DONALD J.",NY,"$9,000.00 ",IN-KIND: RENT (SEE MEMOS BELOW),NEW YORK,ADMINISTRATIVE,http://docquery.fec.gov/cgi-bin/fecimg/?201707159066732950,,,,,
9/7/16 0:00,"TRUMP, ERIC",NY,$376.20 ,CONTRIBUTION REFUND,NEW YORK,REFUNDS,http://docquery.fec.gov/cgi-bin/fecimg/?201707159066733062,,,,,
9/7/16 0:00,"TRUMP, ERIC",NY,$376.20 ,IN-KIND: MEETING EXPENSE: MEALS,NEW YORK,TRAVEL,http://docquery.fec.gov/cgi-bin/fecimg/?201707159066732961,,,,,
9/7/16 0:00,"TRUMP, ERIC",NY,$74.45 ,TRAVEL EXPENSE REIMBURSEMENT: ITEMIZATION BELOW IF REQUIRED,NEW YORK,MATERIALS,http://docquery.fec.gov/cgi-bin/fecimg/?201707159066732960,,,,,
9/9/16 0:00,"TRUMP PARK AVENUE, LLC",NY,$868.00 ,FACILITY RENTAL,NEW YORK,ADMINISTRATIVE,http://docquery.fec.gov/cgi-bin/fecimg/?201707159066732965,,,,,
9/9/16 0:00,TRUMP RESTAURANTS LLC,NY,"$2,000.00 ",RENT,NEW YORK,ADMINISTRATIVE,http://docquery.fec.gov/cgi-bin/fecimg/?201707159066732965,,,,,
9/9/16 0:00,TRUMP RESTAURANTS LLC,NY,$231.98 ,MEETING EXPENSE: MEALS,NEW YORK,TRAVEL,http://docquery.fec.gov/cgi-bin/fecimg/?201707159066732966,,,,,
9/9/16 0:00,TRUMP TOWER COMMERCIAL LLC,NY,"$169,758.33 ",RENT,HICKSVILLE,ADMINISTRATIVE,http://docquery.fec.gov/cgi-bin/fecimg/?201707159066732966,,,,,
9/12/16 0:00,TRUMP NATIONAL GOLF CLUB CHARLOTTE,NC,"$9,480.50 ",FACILITY RENTAL/CATERING,MOORSEVILLE,ADMINISTRATIVE,http://docquery.fec.gov/cgi-bin/fecimg/?201707159066732965,,,,,
9/12/16 0:00,TRUMP RESTAURANTS LLC,NY,$417.55 ,MEETING EXPENSE: MEALS,NEW YORK,TRAVEL,http://docquery.fec.gov/cgi-bin/fecimg/?201707159066732966,,,,,
9/15/16 0:00,TRUMP HOTEL,NY,"$1,202.25 ",TRAVEL: LODGING [AMEX: SB23.2587063],NEW YORK,TRAVEL,http://docquery.fec.gov/cgi-bin/fecimg/?201705129053727513,,,,,
9/15/16 0:00,TRUMP HOTEL,NY,$801.50 ,TRAVEL: LODGING [AMEX: SB23.2587063],NEW YORK,TRAVEL,http://docquery.fec.gov/cgi-bin/fecimg/?201705129053727513,,,,,
9/15/16 0:00,TRUMP HOTEL,NY,"$1,202.25 ",TRAVEL: LODGING [AMEX: SB23.2587063],NEW YORK,TRAVEL,http://docquery.fec.gov/cgi-bin/fecimg/?201705129053727513,,,,,
9/16/16 0:00,TRUMP HOTEL,NY,$400.75 ,TRAVEL: LODGING [AMEX: SB23.2587063],NEW YORK,TRAVEL,http://docquery.fec.gov/cgi-bin/fecimg/?201705129053727514,,,,,
9/17/16 0:00,TRUMP HOTEL,NY,$533.45 ,TRAVEL: LODGING [AMEX: SB23.2587063],NEW YORK,TRAVEL,http://docquery.fec.gov/cgi-bin/fecimg/?201705129053727514,,,,,
9/20/16 0:00,TRUMP HOTEL,NY,"$7,173.60 ",TRAVEL: LODGING [AMEX: SB23.2587063],NEW YORK,TRAVEL,http://docquery.fec.gov/cgi-bin/fecimg/?201705129053727514,,,,,
9/23/16 0:00,TRUMP HOTEL,NY,"$1,127.03 ",TRAVEL: LODGING [AMEX: SB23.2587063],NEW YORK,TRAVEL,http://docquery.fec.gov/cgi-bin/fecimg/?201705129053727515,,,,,
9/23/16 0:00,TRUMP HOTEL,NY,"$2,419.08 ",TRAVEL: LODGING [AMEX: SB23.2587063],NEW YORK,TRAVEL,http://docquery.fec.gov/cgi-bin/fecimg/?201705129053727515,,,,,
9/26/16 0:00,TRUMP HOTEL,NY,$458.77 ,TRAVEL: LODGING [AMEX: SB23.2587063],NEW YORK,TRAVEL,http://docquery.fec.gov/cgi-bin/fecimg/?201705129053727516,,,,,
9/26/16 0:00,TRUMP HOTEL,NY,"$1,242.76 ",TRAVEL: LODGING [AMEX: SB23.2587063],NEW YORK,TRAVEL,http://docquery.fec.gov/cgi-bin/fecimg/?201705129053727515,,,,,
9/26/16 0:00,TRUMP HOTEL,NY,"$1,021.43 ",TRAVEL: LODGING [AMEX: SB23.2587063],NEW YORK,TRAVEL,http://docquery.fec.gov/cgi-bin/fecimg/?201705129053727516,,,,,
9/29/16 0:00,TRUMP INTERNATIONAL HOTEL,NY,"$2,172.45 ",TRAVEL: LODGING [AMEX: SB23.2859906],NEW YORK,TRAVEL,http://docquery.fec.gov/cgi-bin/fecimg/?201705129053689002,,,,,
9/29/16 0:00,TRUMP INTERNATIONAL HOTEL,NY,$956.26 ,TRAVEL: LODGING [AMEX: SB23.2859906],NEW YORK,TRAVEL,http://docquery.fec.gov/cgi-bin/fecimg/?201705129053689003,,,,,
9/30/16 0:00,TRUMP INTERNATIONAL HOTEL AND TOWER CHICAGO,IL,$925.11 ,TRAVEL: LODGING,CHICAGO,TRAVEL,http://docquery.fec.gov/cgi-bin/fecimg/?201707159066732962,,,,,
10/1/16 0:00,TRUMP PLAZA LLC,NY,"$9,000.00 ",RENT,NEW YORK,ADMINISTRATIVE,http://docquery.fec.gov/cgi-bin/fecimg/?201705129053727505,,,,,
10/1/16 0:00,"TRUMP, DONALD J.",NY,"$9,000.00 ",IN-KIND: RENT (SEE MEMOS BELOW),NEW YORK,ADMINISTRATIVE,http://docquery.fec.gov/cgi-bin/fecimg/?201705129053727504,,,,,
10/4/16 0:00,TRUMP INTERNATIONAL HOTEL,NY,$458.77 ,TRAVEL: LODGING [AMEX: SB23.2859906],NEW YORK,TRAVEL,http://docquery.fec.gov/cgi-bin/fecimg/?201705129053689003,,,,,
10/5/16 0:00,TRUMP INTERNATIONAL HOTEL,NY,"$1,020.80 ",TRAVEL: LODGING [AMEX: SB23.2859906],NEW YORK,TRAVEL,http://docquery.fec.gov/cgi-bin/fecimg/?201705129053689003,,,,,
10/7/16 0:00,TRUMP RESTAURANTS,NY,$234.00 ,MEETING EXPENSE: MEALS [AMEX: SB23.2859906],NEW YORK,TRAVEL,http://docquery.fec.gov/cgi-bin/fecimg/?201705129053689008,,,,,
10/7/16 0:00,TRUMP RESTAURANTS LLC,NY,"$1,000.00 ",RENT,NEW YORK,ADMINISTRATIVE,http://docquery.fec.gov/cgi-bin/fecimg/?201705129053727517,,,,,
10/7/16 0:00,TRUMP TOWER COMMERCIAL LLC,NY,"$169,758.33 ",RENT,HICKSVILLE,ADMINISTRATIVE,http://docquery.fec.gov/cgi-bin/fecimg/?201705129053727518,,,,,
10/12/16 0:00,"ERIC TRUMP WINE MANUFACTURING, LLC",VA,"$6,039.88 ",FACILITY RENTAL/CATERING SERVICES,CHARLOTTESVILLE,ADMINISTRATIVE,http://docquery.fec.gov/cgi-bin/fecimg/?201705129053726935,,,,,
10/14/16 0:00,TRUMP RESTAURANTS LLC,NY,"$3,984.88 ",MEETING EXPENSE: MEALS,NEW YORK,TRAVEL,http://docquery.fec.gov/cgi-bin/fecimg/?201705129053727518,,,,,
10/14/16 0:00,"TRUMP VIRGINIA ACQUISITIONS, LLC",VA,"$1,343.00 ",TRAVEL: LODGING,CHARLOTTESVILLE,TRAVEL,http://docquery.fec.gov/cgi-bin/fecimg/?201705129053727518,,,,,
10/17/16 0:00,TRUMP INTERNATIONAL HOTEL,NY,$460.27 ,TRAVEL: LODGING [AMEX: SB23.2859906],NEW YORK,TRAVEL,http://docquery.fec.gov/cgi-bin/fecimg/?201705129053689004,,,,,
10/17/16 0:00,TRUMP INTERNATIONAL HOTEL,DC,"$13,431.88 ",FACILITY RENTAL/CATERING SERVICES,WASHINGTON,ADMINISTRATIVE,http://docquery.fec.gov/cgi-bin/fecimg/?201705129053727516,,,,,
10/17/16 0:00,TRUMP INTERNATIONAL HOTEL LAS VEGAS,NV,"$18,731.90 ",TRAVEL: LODGING [AMEX: SB23.2859911],LAS VEGAS,TRAVEL,http://docquery.fec.gov/cgi-bin/fecimg/?201705129053689005,,,,,
10/17/16 0:00,TRUMP INTERNATIONAL HOTEL LAS VEGAS,NV,"$79,043.94 ",TRAVEL: LODGING,LAS VEGAS,TRAVEL,http://docquery.fec.gov/cgi-bin/fecimg/?201705129053727517,,,,,
10/17/16 0:00,TRUMP NATIONAL GOLF CLUB WASHINGTON DC,VA,"$8,544.00 ",FACILITY RENTAL/CATERING SERVICES,POTOMAC FALLS,ADMINISTRATIVE,http://docquery.fec.gov/cgi-bin/fecimg/?201705129053727517,,,,,
10/21/16 0:00,DORAL GOLF RESORT,FL,"$6,785.24 ",TRAVEL: LODGING [AMEX SB23.2859923,,,,,,,,
10/25/16 0:00,TRUMP INTERNATIONAL HOTEL,NV,"$16,142.61 ",TRAVEL: LODGING [AMEX: SB23.2859906],LAS VEGAS,TRAVEL,http://docquery.fec.gov/cgi-bin/fecimg/?201705129053689004,,,,,
10/25/16 0:00,TRUMP INTERNATIONAL HOTEL,NY,"$10,248.00 ",TRAVEL: LODGING [AMEX: SB23.2859906],NEW YORK,TRAVEL,http://docquery.fec.gov/cgi-bin/fecimg/?201705129053689004,,,,,
10/26/16 0:00,DORAL GOLF RESORT,FL,"$3,234.15 ",TRAVEL: LODGING [AMEX: SB23.2859906,,,,,,,,
10/27/16 0:00,TRUMP INTERNATIONAL HOTEL,DC,$956.08 ,TRAVEL: LODGING [AMEX: SB23.2859906],WASHINGTON,TRAVEL,http://docquery.fec.gov/cgi-bin/fecimg/?201705129053689005,,,,,
10/27/16 0:00,TRUMP NATIONAL DORAL MIAMI,FL,"$1,473.40 ",TRAVEL: LODGING [AMEX: SB23.2859911],DORAL,TRAVEL,http://docquery.fec.gov/cgi-bin/fecimg/?201705129053689006,,,,,
10/27/16 0:00,TRUMP NATIONAL GOLF CLUB,FL,$524.70 ,TRAVEL: LODGING - AMEX [SB23.4103],JUPITER,TRAVEL,http://docquery.fec.gov/cgi-bin/fecimg/?201707209066907749,,,,,
10/27/16 0:00,TRUMP NATIONAL GOLF CLUB,FL,$524.70 ,TRAVEL: LODGING - AMEX [SB23.4103],JUPITER,TRAVEL,http://docquery.fec.gov/cgi-bin/fecimg/?201707209066907749,,,,,
10/28/16 0:00,TRUMP NATIONAL DORAL MIAMI,FL,"$31,820.97 ",FACILITY RENTAL - AMEX [SB23.4102],DORAL,ADMINISTRATIVE,http://docquery.fec.gov/cgi-bin/fecimg/?201707209066907747,,,,,
10/28/16 0:00,TRUMP NATIONAL DORAL MIAMI,FL,"$9,587.47 ",FACILITY RENTAL - AMEX [SB23.4102],DORAL,ADMINISTRATIVE,http://docquery.fec.gov/cgi-bin/fecimg/?201707209066907747,,,,,
10/28/16 0:00,TRUMP NATIONAL DORAL MIAMI,FL,$226.84 ,FACILITY RENTAL - AMEX [SB23.4102],DORAL,ADMINISTRATIVE,http://docquery.fec.gov/cgi-bin/fecimg/?201707209066907747,,,,,
10/31/16 0:00,"ERIC TRUMP WINE MANUFACTURING, LLC",VA,"$14,314.42 ",FACILITY RENTAL AND CATERING SERVICES,CHARLOTTESVILLE,ADMINISTRATIVE,http://docquery.fec.gov/cgi-bin/fecimg/?201705129053688146,,,,,
10/31/16 0:00,TRUMP NATIONAL GOLF CLUB WASHINGTON DC,VA,"$11,600.00 ",FACILITY RENTAL AND CATERING SERVICES,POTOMAC FALLS,ADMINISTRATIVE,http://docquery.fec.gov/cgi-bin/fecimg/?201705129053689007,,,,,
10/31/16 0:00,TRUMP RESTAURANTS LLC,NY,"$1,000.00 ",RENT,NEW YORK,ADMINISTRATIVE,http://docquery.fec.gov/cgi-bin/fecimg/?201705129053689008,,,,,
10/31/16 0:00,TRUMP TOWER COMMERCIAL LLC,NY,"$169,758.33 ",RENT,HICKSVILLE,ADMINISTRATIVE,http://docquery.fec.gov/cgi-bin/fecimg/?201705129053689010,,,,,
11/1/16 0:00,TRUMP PLAZA LLC,NY,"$9,000.00 ",RENT,NEW YORK,ADMINISTRATIVE,http://docquery.fec.gov/cgi-bin/fecimg/?201705129053688996,,,,,
11/1/16 0:00,"TRUMP, DONALD J.",NY,"$9,000.00 ",IN-KIND: RENT (SEE MEMOS BELOW),NEW YORK,ADMINISTRATIVE,http://docquery.fec.gov/cgi-bin/fecimg/?201705129053688996,,,,,
11/2/16 0:00,TRUMP INTERNATIONAL HOTEL & TOWER,NY,"$4,099.20 ",TRAVEL: LODGING - AMEX [SB23.4103],NEW YORK,TRAVEL,http://docquery.fec.gov/cgi-bin/fecimg/?201707209066907745,,,,,
11/2/16 0:00,TRUMP INTERNATIONAL HOTEL WASHINGTON,DC,"$9,245.93 ",TRAVEL: LODGING - AMEX [SB23.4103],WASHINGTON,TRAVEL,http://docquery.fec.gov/cgi-bin/fecimg/?201707209066907746,,,,,
11/2/16 0:00,TRUMP RESTAURANTS LLC,NY,$683.04 ,MEETING EXPENSE: MEALS,NEW YORK,TRAVEL,http://docquery.fec.gov/cgi-bin/fecimg/?201705129053689008,,,,,
11/3/16 0:00,TRUMP INTERNATIONAL HOTEL WASHINGTON,DC,$626.99 ,TRAVEL: LODGING - AMEX [SB23.4103],WASHINGTON,TRAVEL,http://docquery.fec.gov/cgi-bin/fecimg/?201707209066907746,,,,,
11/8/16 0:00,TRUMP NATIONAL DORAL MIAMI,FL,"$21,141.28 ",FACILITY RENTAL - AMEX [SB23.4102],DORAL,ADMINISTRATIVE,http://docquery.fec.gov/cgi-bin/fecimg/?201707209066907748,,,,,
11/8/16 0:00,TRUMP NATIONAL DORAL MIAMI,FL,"$11,541.20 ",FACILITY RENTAL - AMEX [SB23.4102],DORAL,ADMINISTRATIVE,http://docquery.fec.gov/cgi-bin/fecimg/?201707209066907748,,,,,
11/10/16 0:00,TRUMP INTERNATIONAL HOTEL & TOWER,NY,$224.53 ,TRAVEL: LODGING - AMEX [SB23.4103],NEW YORK,TRAVEL,http://docquery.fec.gov/cgi-bin/fecimg/?201707209066907745,,,,,
11/11/16 0:00,TRUMP INTERNATIONAL HOTEL & TOWER,NY,"$4,611.60 ",TRAVEL: LODGING - AMEX [SB23.4103],NEW YORK,TRAVEL,http://docquery.fec.gov/cgi-bin/fecimg/?201707209066907745,,,,,
11/14/16 0:00,TRUMP INTERNATIONAL HOTEL WASHINGTON,DC,"$12,265.61 ",TRAVEL: LODGING - AMEX [SB23.4103],WASHINGTON,TRAVEL,http://docquery.fec.gov/cgi-bin/fecimg/?201707209066907746,,,,,
11/17/16 0:00,TRUMP INTERNATIONAL HOTEL,DC,"$1,394.62 ",TRAVEL: LODGING - AMEX [SB23.4102],WASHINGTON,TRAVEL,http://docquery.fec.gov/cgi-bin/fecimg/?201707209066907744,,,,,
11/22/16 0:00,"THE MAR-A-LAGO CLUB, LLC",FL,"$3,347.22 ",FACILITY RENTAL AND CATERING SERVICES,,,,,,,,
11/22/16 0:00,"ERIC TRUMP WINE MANUFACTURING, LLC",VA,"$6,850.44 ",FACILITY RENTAL AND CATERING SERVICES,CHARLOTTESVILLE,ADMINISTRATIVE,http://docquery.fec.gov/cgi-bin/fecimg/?201705129053688147,,,,,
11/22/16 0:00,TRUMP INTERNATIONAL GOLF CLUB - BEDMINSTER,NJ,"$4,275.00 ",TRAVEL: LODGING,BEDMINSTER,TRAVEL,http://docquery.fec.gov/cgi-bin/fecimg/?201705129053689002,,,,,
11/22/16 0:00,TRUMP NATIONAL DORAL,FL,"$11,541.20 ",FACILITY RENTAL AND CATERING SERVICES,MIAMI,ADMINISTRATIVE,http://docquery.fec.gov/cgi-bin/fecimg/?201705129053689006,,,,,
11/22/16 0:00,TRUMP NATIONAL GOLF CLUB,FL,"$24,147.40 ",FACILITY RENTAL AND CATERING SERVICES,JUPITER,ADMINISTRATIVE,http://docquery.fec.gov/cgi-bin/fecimg/?201705129053689007,,,,,
11/22/16 0:00,TRUMP RESTAURANTS LLC,NY,"$2,459.52 ",MEETING EXPENSE: MEALS,NEW YORK,TRAVEL,http://docquery.fec.gov/cgi-bin/fecimg/?201705129053689009,,,,,
11/22/16 0:00,TRUMP SOHO,NY,"$7,896.35 ",FACILITY RENTAL,NEW YORK,ADMINISTRATIVE,http://docquery.fec.gov/cgi-bin/fecimg/?201705129053689009,,,,,
11/23/16 0:00,TRUMP INTERNATIONAL HOTEL LAS VEGAS,NV,"$18,584.97 ",TRAVEL: LODGING,LAS VEGAS,TRAVEL,http://docquery.fec.gov/cgi-bin/fecimg/?201705129053689005,,,,,
11/28/16 0:00,TRUMP INTERNATIONAL HOTEL LAS VEGAS,NV,"$139,616.00 ",TRAVEL: LODGING,LAS VEGAS,TRAVEL,http://docquery.fec.gov/cgi-bin/fecimg/?201705129053689006,,,,,
11/28/16 0:00,TRUMP NATIONAL GOLF CLUB DC,VA,$479.91 ,MEETING EXPENSE: MEALS,POTOMAC FALLS,TRAVEL,http://docquery.fec.gov/cgi-bin/fecimg/?201705129053689007,,,,,
11/28/16 0:00,TRUMP RESTAURANTS LLC,NY,"$49,276.57 ",MEETING EXPENSE: MEALS,NEW YORK,TRAVEL,http://docquery.fec.gov/cgi-bin/fecimg/?201705129053689009,,,,,
11/28/16 0:00,TRUMP TOWER COMMERCIAL LLC,NY,"$283,500.00 ",RENT,HICKSVILLE,ADMINISTRATIVE,http://docquery.fec.gov/cgi-bin/fecimg/?201705129053689010,,,,,
12/9/16 0:00,TRUMP INTERNATIONAL GOLF CLUB - BEDMINSTER,NJ,"$7,776.17 ",TRAVEL: LODGING,BEDMINSTER,TRAVEL,http://docquery.fec.gov/cgi-bin/fecimg/?201707209066907744,,,,,
12/15/16 0:00,TRUMP RESTAURANTS LLC,NY,"$11,634.53 ",CATERING SERVICES,NEW YORK,FUNDRAISING,http://docquery.fec.gov/cgi-bin/fecimg/?201707209066907749,,,,,
12/20/16 0:00,TRUMP RESTAURANTS LLC,NY,"$3,647.35 ",CATERING SERVICES,NEW YORK,FUNDRAISING,http://docquery.fec.gov/cgi-bin/fecimg/?201707209066907750,,,,,
12/21/16 0:00,TRUMP NATIONAL GOLD CLUB - BEDMINSTER,NJ,"$29,791.99 ",FACILITY RENTAL & TRAVEL: LODGING,BEDMINSTER,ADMINISTRATIVE,http://docquery.fec.gov/cgi-bin/fecimg/?201707209066907748,,,,,
12/21/16 0:00,TRUMP TOWER COMMERCIAL LLC,NY,"$130,888.33 ",RENT,HICKSVILLE,ADMINISTRATIVE,http://docquery.fec.gov/cgi-bin/fecimg/?201707209066907750,,,,,